{"0": {"precision": 0.5307692307692308, "recall": 1.0, "f1-score": 0.6934673366834171, "support": 276.0}, "1": {"precision": 0.0, "recall": 0.0, "f1-score": 0.0, "support": 244.0}, "accuracy": 0.5307692307692308, "macro avg": {"precision": 0.2653846153846154, "recall": 0.5, "f1-score": 0.34673366834170855, "support": 520.0}, "weighted avg": {"precision": 0.2817159763313609, "recall": 0.5307692307692308, "f1-score": 0.36807112485504445, "support": 520.0}}