{"0.0": {"precision": 0.8467153284671532, "recall": 0.8405797101449275, "f1-score": 0.8436363636363635, "support": 276.0}, "1.0": {"precision": 0.8211382113821138, "recall": 0.8278688524590164, "f1-score": 0.8244897959183674, "support": 244.0}, "accuracy": 0.8346153846153846, "macro avg": {"precision": 0.8339267699246335, "recall": 0.834224281301972, "f1-score": 0.8340630797773654, "support": 520.0}, "weighted avg": {"precision": 0.8347137581426348, "recall": 0.8346153846153846, "f1-score": 0.8346522049379191, "support": 520.0}}